Fecha,Abrir,Max,Min,Cerrar,Cierre_ajustado,Volumen,Retorno,Volatilidad_30d,SMA_50d,Volumen_20d_avg,Volume_Ratio,Drawdown,Senal_Mercado
2024-05-23,3149.88,3150.63,3110.28,3116.39,3116.39,353900,,,,,,0.0,
2024-05-24,3110.75,3130.43,3087.79,3088.87,3088.87,306500,-0.008830730428476485,,,,,-0.008830730428476534,
2024-05-27,3094.14,3125.51,3091.99,3124.04,3124.04,319400,0.011386040849890033,,,,,0.0,
2024-05-28,3122.39,3130.31,3106.36,3109.57,3109.57,310100,-0.00463182289599362,,,,,-0.004631822895993586,
2024-05-29,3108.03,3128.14,3100.98,3111.02,3111.02,290000,0.00046630241480327683,,,,,-0.004167680311391654,
2024-05-30,3103.71,3121.22,3085.38,3091.68,3091.68,302400,-0.006216610629311337,,,,,-0.010358382094979619,
2024-05-31,3094.76,3107.6,3086.81,3086.81,3086.81,276100,-0.0015751953630388504,,,,,-0.011917260982573853,
2024-06-03,3085.98,3097.2,3061.28,3078.49,3078.49,357600,-0.0026953392013114863,,,,,-0.0145804791231867,
2024-06-04,3071.32,3095.32,3063.59,3091.2,3091.2,309300,0.004128647486267623,,,,,-0.010512029295399593,
2024-06-05,3086.05,3092.35,3064.74,3065.4,3065.4,290500,-0.008346273291925388,,,,,-0.01877056631797284,
2024-06-06,3069.44,3077.67,3040.83,3048.79,3048.79,369900,-0.0054185424414432415,,,,,-0.024087399649172225,
2024-06-07,3053.92,3065.02,3031.04,3051.28,3051.28,316300,0.000816717451841642,,,,,-0.02329035479699356,
2024-06-11,3042.13,3043.2,3013.86,3028.04,3028.04,310500,-0.00761647570855517,,,,,-0.0307294400839938,
2024-06-12,3025.3,3042.04,3021.31,3037.47,3037.47,279500,0.0031142257037555243,,,,,-0.02771091279240988,
2024-06-13,3038.09,3040.4,3022.82,3028.92,3028.92,297900,-0.002814842615729396,,,,,-0.030447753549890492,
2024-06-14,3020.96,3037.91,3011.58,3032.63,3032.63,348700,0.001224859025659386,,,,,-0.029260188729977803,
2024-06-17,3017.72,3026.62,3012.04,3015.89,3015.89,295800,-0.0055199612217778915,,,,,-0.034618634844624296,
2024-06-18,3015.07,3031.98,3012.52,3030.25,3030.25,273600,0.004761446869746555,,,,,-0.03002202276539352,
2024-06-19,3029.1,3030.23,3015.33,3018.05,3018.05,261300,-0.004026070456232933,,,,,-0.033927222442734335,
2024-06-20,3015.72,3028.51,3001.77,3005.44,3005.44,295500,-0.004178194529580348,,,308240.0,0.958668569945497,-0.03796366243710065,Volumen normal
2024-06-21,2998.24,3011.91,2985.93,2998.14,2998.14,255000,-0.002428928875638947,,,303295.0,0.8407655912560379,-0.04030038027682107,Volumen normal
2024-06-24,2982.83,2990.64,2960.13,2963.1,2963.1,298700,-0.01168724609257743,,,302905.0,0.9861177596936334,-0.0515166259074788,Volumen normal
2024-06-25,2962.76,2971.65,2935.54,2950.0,2950.0,273200,-0.004421045526644352,,,300595.0,0.9088640862289792,-0.05570991408560709,Volumen normal
2024-06-26,2943.45,2976.67,2933.33,2972.52,2972.52,282400,0.007633898305084763,,,299210.0,0.9438187226362755,-0.04850129959923688,Volumen normal
2024-06-27,2962.7,2963.06,2944.9,2945.85,2945.85,270500,-0.008972185216583939,,,298235.0,0.9070028668667326,-0.05703832217257143,Volumen normal
2024-06-28,2940.3,2985.47,2939.98,2967.4,2967.4,315200,0.007315375867746221,,,298875.0,1.0546214972814723,-0.05014020307038318,Volumen normal
2024-07-01,2965.25,2996.41,2961.86,2994.73,2994.73,297800,0.009210082900855898,,,299960.0,0.9927990398719829,-0.04139191559647122,Volumen normal
2024-07-02,2992.86,3004.99,2989.47,2997.01,2997.01,281400,0.000761337416060881,,,296150.0,0.9501941583656931,-0.0406620913944763,Volumen normal
2024-07-03,2995.66,2998.54,2978.07,2982.38,2982.38,246300,-0.004881531926820393,,,293000.0,0.8406143344709898,-0.04534513002394331,Volumen normal
2024-07-04,2984.83,2995.57,2955.29,2957.57,2957.57,274300,-0.008318859434411463,,,292190.0,0.9387727163831753,-0.05328676969565044,Volumen normal
2024-07-05,2954.37,2957.11,2920.21,2949.93,2949.93,272300,-0.0025832017500855287,0.09318839313798367,,287310.0,0.9477567783926769,-0.05573232096900172,Baja volatilidad; Volumen normal
2024-07-08,2939.84,2947.61,2917.23,2922.45,2922.45,277500,-0.009315475282464347,0.09351569065980164,,285370.0,0.972421768230718,-0.06452862319304495,Baja volatilidad; Volumen normal
2024-07-09,2919.57,2963.78,2904.04,2959.37,2959.37,315100,0.012633235812417709,0.09510342782263745,,285600.0,1.1032913165266107,-0.052710592694075645,Baja volatilidad; Volumen normal
2024-07-10,2949.03,2958.86,2935.33,2939.36,2939.36,301500,-0.0067615742539796075,0.09585455211206048,,286700.0,1.0516219044297175,-0.059115760361583024,Baja volatilidad; Volumen normal
2024-07-11,2957.25,2971.36,2947.4,2970.39,2970.39,328400,0.010556719830167038,0.10222909098069337,,288225.0,1.13938763119091,-0.04918310905110053,Baja volatilidad; Volumen normal
2024-07-12,2965.61,2977.14,2963.3,2971.29,2971.29,303700,0.0003029905163969282,0.1013693991617765,,285975.0,1.061980942390069,-0.048895020550313056,Baja volatilidad; Volumen normal
2024-07-15,2963.85,2977.31,2959.13,2974.01,2974.01,269000,0.0009154273059850393,0.10156818584143844,,284635.0,0.9450700019322993,-0.048024353081266485,Baja volatilidad; Volumen normal
2024-07-16,2963.9,2977.36,2959.67,2976.3,2976.3,260800,0.0007700041358300602,0.10162744505089845,,283995.0,0.9183260268666702,-0.04729132789592956,Baja volatilidad; Volumen normal
2024-07-17,2970.81,2972.79,2957.95,2962.85,2962.85,282300,-0.004519033699559971,0.10084524668496182,,285045.0,0.9903699415881703,-0.05159665049103086,Baja volatilidad; Volumen normal
2024-07-18,2951.14,2978.09,2937.91,2977.13,2977.13,278000,0.00481968375044306,0.10017409327262444,,284170.0,0.9782876447197101,-0.04702564627853672,Baja volatilidad; Volumen normal
2024-07-19,2963.51,2986.24,2955.12,2982.31,2982.31,280900,0.001739930738664297,0.09954845731362824,,285465.0,0.9840085474576568,-0.04536753690733794,Baja volatilidad; Volumen normal
2024-07-22,2978.19,2978.6,2946.56,2964.22,2964.22,278700,-0.006065767810858103,0.10062059438140723,,284465.0,0.9797338864183643,-0.05115811577316557,Baja volatilidad; Volumen normal
2024-07-23,2960.5,2960.5,2915.37,2915.37,2915.37,296300,-0.01647988340946349,0.1086833726007608,,285620.0,1.0373923394720257,-0.06679491939923947,Baja volatilidad; Volumen normal
2024-07-24,2909.15,2922.03,2894.29,2901.95,2901.95,306100,-0.004603189303587607,0.10829726816133342,,286805.0,1.0672756751102666,-0.07109063904431447,Baja volatilidad; Volumen normal
2024-07-25,2891.89,2897.77,2872.85,2886.74,2886.74,274600,-0.005241303261599994,0.10878096269938983,,287010.0,0.9567610884638166,-0.07595933470762224,Baja volatilidad; Volumen normal
2024-07-26,2886.0,2899.12,2875.4,2890.9,2890.9,278400,0.0014410719358168844,0.10883117637904816,,285170.0,0.9762597748711295,-0.07462772563731575,Baja volatilidad; Volumen normal
2024-07-29,2889.47,2898.95,2878.58,2891.84,2891.84,256900,0.0003251582552146193,0.10830560517503371,,283125.0,0.9073730684326711,-0.07432683320315996,Baja volatilidad; Volumen normal
2024-07-30,2885.22,2885.22,2865.15,2879.3,2879.3,262500,-0.004336339493194674,0.10702741600751324,,282180.0,0.9302572825855837,-0.07834086631413163,Baja volatilidad; Volumen normal
2024-07-31,2877.54,2940.59,2876.3,2938.75,2938.75,412700,0.020647379571423485,0.12474985813565236,,290500.0,1.4206540447504303,-0.05931102034545011,Baja volatilidad; Volumen elevado
2024-08-01,2940.12,2947.88,2928.83,2932.39,2932.39,346600,-0.0021641854529987903,0.12442011126625481,2995.5156,294115.0,1.1784506060554545,-0.06134684575101474,Bajista; Baja volatilidad; Volumen normal
2024-08-02,2913.02,2931.26,2902.72,2905.34,2905.34,312200,-0.009224557442904846,0.12673521404790783,2991.2945999999997,296110.0,1.0543379149640337,-0.07000550569134832,Bajista; Baja volatilidad; Volumen normal
2024-08-05,2889.36,2919.02,2860.7,2860.7,2860.7,355500,-0.015364811003187318,0.12983608165520025,2986.7312,300010.0,1.1849605013166227,-0.08429469533040555,Bajista; Baja volatilidad; Volumen normal
2024-08-06,2878.65,2888.2,2845.33,2867.28,2867.28,297300,0.0023001363302690425,0.12982118256640635,2981.5960000000005,299120.0,0.9939154854239102,-0.08218844829131501,Bajista; Baja volatilidad; Volumen normal
2024-08-07,2864.01,2886.94,2857.73,2869.83,2869.83,263100,0.000889344605340181,0.12741092993239594,2976.8012,297200.0,0.8852624495289367,-0.08137219753908402,Bajista; Baja volatilidad; Volumen normal
2024-08-08,2864.76,2886.4,2850.88,2869.9,2869.9,289100,2.4391688706382197e-05,0.1252551503521216,2971.9787999999994,295235.0,0.9792199434348908,-0.08134979065568938,Bajista; Baja volatilidad; Volumen normal
2024-08-09,2879.87,2887.85,2862.19,2862.19,2862.19,284300,-0.002686504756263308,0.1229288855686907,2967.3889999999997,294265.0,0.9661359658810935,-0.08381774881243516,Bajista; Baja volatilidad; Volumen normal
2024-08-12,2858.9,2869.27,2851.29,2858.21,2858.21,244200,-0.0013905436047222386,0.11892197469697506,2962.817,293025.0,0.8333759918095726,-0.08509174018258407,Bajista; Baja volatilidad; Volumen normal
2024-08-13,2860.41,2867.95,2845.31,2867.95,2867.95,231700,0.003407727213885492,0.11960982639369831,2958.6062,291570.0,0.7946633741468601,-0.0819739824073956,Bajista; Baja volatilidad; Volumen normal
2024-08-14,2866.24,2866.24,2850.4,2850.65,2850.65,217900,-0.006032183266793223,0.11994364749456735,2953.7951999999996,288350.0,0.7556788624934975,-0.08751168358919856,Bajista; Baja volatilidad; Volumen normal
2024-08-15,2844.2,2889.09,2839.39,2877.36,2877.36,271900,0.009369792854261316,0.12211258511957283,2950.0344,288045.0,0.9439497300768978,-0.07896185708249569,Bajista; Baja volatilidad; Volumen normal
2024-08-16,2877.94,2888.68,2873.06,2879.43,2879.43,263700,0.0007194094586704392,0.1220892172372318,2946.6472,287185.0,0.9182234448178004,-0.07829925353068466,Bajista; Baja volatilidad; Volumen normal
2024-08-19,2877.95,2905.16,2877.77,2893.67,2893.67,261700,0.00494542322612479,0.12040765842652733,2943.495,286335.0,0.9139644123142473,-0.07374105325155884,Bajista; Baja volatilidad; Volumen normal
2024-08-20,2895.55,2896.52,2855.33,2866.66,2866.66,263700,-0.009334167337671562,0.11667539028955219,2940.2674000000006,284705.0,0.9262218787868144,-0.08238690925852425,Bajista; Baja volatilidad; Volumen normal
2024-08-21,2858.94,2863.89,2848.15,2856.58,2856.58,229200,-0.0035162872471796724,0.11566586476154059,2936.6496,280860.0,0.8160649433881649,-0.08561350046734358,Bajista; Baja volatilidad; Volumen normal
2024-08-22,2856.2,2861.61,2845.5,2848.77,2848.77,245400,-0.0027340386056052823,0.11049907215551376,2933.0465999999997,279400.0,0.8783106657122405,-0.08811346845751014,Bajista; Baja volatilidad; Volumen normal
2024-08-23,2844.77,2860.73,2839.34,2854.37,2854.37,226700,0.0019657606616187984,0.11082233932534119,2929.4814,276815.0,0.8189585101963405,-0.08632091778594386,Bajista; Baja volatilidad; Volumen normal
2024-08-26,2855.47,2860.66,2844.38,2855.52,2855.52,227400,0.00040289100572099557,0.11074267995381412,2926.2740000000003,275340.0,0.8258879930268033,-0.08595280470160432,Bajista; Baja volatilidad; Volumen normal
2024-08-27,2850.88,2853.78,2843.16,2848.73,2848.73,230700,-0.0023778506191516335,0.11059948273254995,2922.6436000000003,273750.0,0.8427397260273972,-0.08812627239087846,Bajista; Baja volatilidad; Volumen normal
2024-08-28,2844.33,2852.56,2830.96,2837.43,2837.43,228700,-0.003966679888933067,0.11047719367248188,2919.0312,264550.0,0.8644868644868645,-0.09174338356743196,Bajista; Baja volatilidad; Volumen normal
2024-08-29,2829.45,2831.43,2815.38,2823.11,2823.11,277500,-0.005046820538303964,0.10933184058828337,2915.3845999999994,261095.0,1.062831536413949,-0.09632719171329428,Bajista; Baja volatilidad; Volumen normal
2024-08-30,2819.65,2867.97,2817.01,2842.21,2842.21,397500,0.006765588305096104,0.11166960822050821,2912.2660000000005,265360.0,1.4979650286403376,-0.09021331352991636,Bajista; Baja volatilidad; Volumen elevado
2024-09-02,2832.35,2839.28,2810.37,2811.03,2811.03,340700,-0.01097033646352652,0.11425686123035744,2909.2246,264620.0,1.2875066132567454,-0.10019397959053014,Bajista; Baja volatilidad; Volumen elevado
2024-09-03,2809.17,2814.9,2794.91,2802.98,2802.98,275700,-0.0028637189926824513,0.10547259335161444,2906.2842,263540.0,1.0461410032632616,-0.10277077118090676,Bajista; Baja volatilidad; Volumen normal
2024-09-04,2786.5,2800.61,2781.94,2784.28,2784.28,257500,-0.006671471077210667,0.10620525211422593,2902.5194,263260.0,0.9781204892501709,-0.10875661003060133,Bajista; Baja volatilidad; Volumen normal
2024-09-05,2785.26,2796.02,2777.47,2788.31,2788.31,242000,0.0014474118982286122,0.10584829013526119,2899.3686,260905.0,0.9275406757248807,-0.10746661374374208,Bajista; Baja volatilidad; Volumen normal
2024-09-06,2791.76,2804.09,2765.64,2765.81,2765.81,253600,-0.008069404047613027,0.1074149044210135,2895.3368,259370.0,0.9777537880248294,-0.11466882626342813,Bajista; Baja volatilidad; Volumen normal
2024-09-09,2754.72,2756.56,2726.97,2736.49,2736.49,261500,-0.01060087280037314,0.11046904090598283,2890.172,260235.0,1.0048609910273407,-0.12405410942241463,Bajista; Baja volatilidad; Volumen normal
2024-09-10,2737.88,2750.12,2718.63,2744.19,2744.19,262200,0.002813823547683336,0.11099372885951186,2885.1156,261760.0,1.0016809290953546,-0.12158935224901087,Bajista; Baja volatilidad; Volumen normal
2024-09-11,2732.73,2732.73,2710.62,2721.79,2721.79,242300,-0.008162700104584641,0.09035463833099736,2879.9038,262980.0,0.9213628412807058,-0.1287595549352761,Bajista; Baja volatilidad; Volumen normal
2024-09-12,2722.14,2734.68,2716.55,2717.12,2717.12,240100,-0.0017157826283438204,0.09038008044844358,2875.0948000000003,261390.0,0.9185508244385784,-0.13025441415602876,Bajista; Baja volatilidad; Volumen normal
2024-09-13,2718.99,2728.78,2703.37,2704.09,2704.09,251300,-0.004795518784595387,0.0884164013691944,2870.1780000000003,260770.0,0.9636844729071595,-0.13442529545076243,Bajista; Baja volatilidad; Volumen normal
2024-09-18,2705.34,2724.11,2689.7,2717.28,2717.28,247800,0.00487779622719664,0.08178996413657823,2866.0746000000004,260075.0,0.9528020763241373,-0.13020319842255534,Bajista; Baja volatilidad; Volumen normal
2024-09-19,2723.21,2747.74,2697.78,2736.02,2736.02,315200,0.006896602484837588,0.08477398254295272,2861.6076000000003,262650.0,1.2000761469636398,-0.12420455563949245,Bajista; Baja volatilidad; Volumen elevado
2024-09-20,2734.23,2741.16,2717.95,2736.81,2736.81,285600,0.0002887405793816633,0.08464176165101785,2857.5566,265470.0,1.0758277771499605,-0.12395167795546792,Bajista; Baja volatilidad; Volumen normal
2024-09-23,2735.39,2760.48,2731.36,2748.92,2748.92,257600,0.004424859599314601,0.08630521538680418,2853.1272000000004,266080.0,0.968129885748647,-0.12007528712820575,Bajista; Baja volatilidad; Volumen normal
2024-09-24,2770.75,2863.15,2761.37,2863.13,2863.13,477600,0.04154722581959458,0.15136322873777167,2850.9640000000004,278625.0,1.7141318977119784,-0.08351685637827937,Alcista; Baja volatilidad; Volumen elevado
2024-09-25,2901.42,2952.45,2889.05,2896.31,2896.31,568300,0.011588715845944675,0.15491939578358718,2849.41,295670.0,1.9220752866371291,-0.07289599364924905,Alcista; Baja volatilidad; Volumen elevado
2024-09-26,2893.75,3000.95,2889.01,3000.95,3000.95,576300,0.036128729314196306,0.18615755952435392,2849.903,312950.0,1.8415082281514619,-0.039400903957695854,Alcista; Baja volatilidad; Volumen elevado
2024-09-27,3049.1,3087.53,3017.45,3087.53,3087.53,492300,0.028850863893100653,0.2006555888175,2852.3965999999996,326130.0,1.5095207432618893,-0.011686790181943818,Alcista; Baja volatilidad; Volumen elevado
2024-09-30,3194.72,3358.59,3153.7,3336.5,3336.5,1102300,0.08063727316009883,0.3018905657485249,2859.584,367370.0,3.000517189754199,0.0,Alcista; Alta volatilidad; Volumen elevado
2024-10-08,3674.41,3674.41,3372.19,3489.77,3489.77,1313500,0.04593735950846689,0.3238180217335382,2869.7332,413170.0,3.1790788295374783,0.0,Alcista; Alta volatilidad; Volumen elevado
2024-10-09,3427.22,3437.16,3249.16,3258.86,3258.86,992800,-0.06616768440327003,0.38653717270160154,2875.6259999999997,445775.0,2.227132522012226,-0.06616768440327009,Alcista; Alta volatilidad; Volumen elevado
2024-10-10,3277.69,3379.8,3228.13,3301.93,3301.93,834500,0.013216278084974498,0.38517235015383067,2883.3572,473715.0,1.7616077177205705,-0.05382589683560812,Alcista; Alta volatilidad; Volumen elevado
2024-10-11,3287.87,3297.75,3187.99,3217.74,3217.74,606000,-0.02549720920794807,0.3945520128168488,2889.6730000000007,491140.0,1.2338640713442195,-0.07795069589113328,Alcista; Alta volatilidad; Volumen elevado
2024-10-14,3241.43,3294.62,3203.9,3284.32,3284.32,631500,0.020691541268095026,0.39677284794427575,2897.6245999999996,510615.0,1.236743926441644,-0.05887207466394628,Alcista; Alta volatilidad; Volumen elevado
2024-10-15,3265.75,3285.22,3201.29,3201.29,3201.29,566100,-0.025280727821893167,0.4063573128330306,2903.8324,526240.0,1.0757449072666463,-0.08266447358995006,Alcista; Alta volatilidad; Volumen normal
2024-10-16,3169.17,3236.85,3167.74,3202.95,3202.95,515800,0.0005185409631742743,0.4063481981350693,2910.0546000000004,538955.0,0.9570372294532938,-0.0821887975425315,Alcista; Alta volatilidad; Volumen normal
2024-10-17,3220.73,3241.57,3169.38,3169.38,3169.38,528600,-0.01048096286236122,0.4081536964286338,2915.8562,552275.0,0.9571318636548821,-0.09180834267014729,Alcista; Alta volatilidad; Volumen normal
2024-10-18,3165.98,3313.98,3152.82,3261.56,3261.56,693000,0.02908455281474609,0.41383498330816343,2922.3124,574810.0,1.205615768688784,-0.06539399444662543,Alcista; Alta volatilidad; Volumen elevado
2024-10-21,3276.06,3300.66,3239.1,3268.11,3268.11,668200,0.0020082414550093297,0.4128536234400293,2929.0268,596215.0,1.1207366470149192,-0.06351707992217248,Alcista; Alta volatilidad; Volumen normal
2024-10-22,3263.82,3294.96,3255.14,3285.87,3285.87,574900,0.005434333605661923,0.41282820229047823,2936.6374,612395.0,0.9387731774426636,-0.05842791931846514,Alcista; Alta volatilidad; Volumen normal
2024-10-23,3285.25,3331.08,3277.07,3302.8,3302.8,650400,0.005152364518377306,0.40998528475730645,2945.4794,632525.0,1.0282597525789494,-0.053576596738466944,Alcista; Alta volatilidad; Volumen normal
2024-10-24,3287.82,3292.95,3266.88,3280.26,3280.26,519800,-0.006824512534818972,0.41086463923574207,2953.7389999999996,642755.0,0.8087062722188081,-0.060035475117271274,Alcista; Alta volatilidad; Volumen normal
2024-10-25,3280.76,3319.36,3276.13,3299.7,3299.7,595700,0.005926359495893596,0.4092204872730202,2962.3364,658260.0,0.9049615653389238,-0.05446490742942949,Alcista; Alta volatilidad; Volumen normal
2024-10-28,3300.46,3322.2,3279.72,3322.2,3322.2,672400,0.006818801709246314,0.40899774912487025,2971.3824000000004,679000.0,0.990279823269514,-0.048017491124056934,Alcista; Alta volatilidad; Volumen normal
2024-10-29,3328.09,3340.46,3284.21,3286.41,3286.41,725300,-0.010772981759075262,0.40989004079002045,2979.8668,691385.0,1.0490537110293108,-0.05827318132713621,Alcista; Alta volatilidad; Volumen normal
2024-10-30,3273.64,3291.68,3244.81,3266.24,3266.24,669000,-0.006137396125255212,0.40851297653363267,2988.0274,696420.0,0.9606272077194796,-0.06405293185510799,Alcista; Alta volatilidad; Volumen normal
2024-10-31,3267.98,3295.74,3252.39,3279.82,3279.82,784600,0.0041576859018321866,0.40843377949018456,2996.2648000000004,706835.0,1.1100186040589388,-0.060161557925020794,Alcista; Alta volatilidad; Volumen normal
2024-11-01,3275.58,3305.32,3258.74,3272.01,3272.01,852100,-0.0023812282381350247,0.4069986670825001,3004.692,724825.0,1.1755941089228434,-0.06239952776257454,Alcista; Alta volatilidad; Volumen normal
2024-11-04,3275.68,3310.21,3263.84,3310.21,3310.21,665100,0.011674780945045926,0.40650812454877033,3013.349,702965.0,0.9461352983434452,-0.05145324763523096,Alcista; Alta volatilidad; Volumen normal
2024-11-05,3306.81,3386.99,3302.05,3386.99,3386.99,821100,0.023194903042405013,0.4075930918793363,3023.5002000000004,678345.0,1.2104460119850518,-0.029451797682941913,Alcista; Alta volatilidad; Volumen elevado
2024-11-06,3395.22,3421.0,3367.08,3383.81,3383.81,895900,-0.0009388867401438628,0.4083097341861942,3033.303,673500.0,1.3302152932442464,-0.030363032520767854,Alcista; Alta volatilidad; Volumen elevado
2024-11-07,3359.99,3470.66,3356.26,3470.66,3470.66,959600,0.025666334693732695,0.4116166627386772,3045.383,679755.0,1.4116850924230053,-0.0054760055820297976,Alcista; Alta volatilidad; Volumen elevado
2024-11-08,3502.13,3509.82,3443.19,3452.3,3452.3,964000,-0.005290060103841809,0.4128737395449074,3057.2974,697655.0,1.3817717926482287,-0.010737097287213714,Alcista; Alta volatilidad; Volumen elevado
2024-11-11,3432.37,3471.12,3416.73,3470.07,3470.07,818000,0.005147293108941797,0.412823222264615,3069.7234000000003,706980.0,1.157034145237489,-0.005645071165148368,Alcista; Alta volatilidad; Volumen normal
2024-11-12,3469.89,3489.42,3402.04,3421.97,3421.97,817900,-0.013861391845121362,0.40499767360846506,3081.0753999999997,719570.0,1.1366510554914742,-0.019428214466856036,Alcista; Alta volatilidad; Volumen normal
2024-11-13,3406.92,3442.3,3404.52,3439.28,3439.28,673700,0.0050584897003773666,0.40469505071546363,3092.7506,727465.0,0.9260926642518884,-0.014468002189255962,Alcista; Alta volatilidad; Volumen normal
2024-11-14,3429.5,3441.77,3376.15,3379.84,3379.84,631600,-0.017282687074038794,0.3997825097312323,3103.3727999999996,732615.0,0.86211721026733,-0.03150064330887131,Alcista; Alta volatilidad; Volumen normal
2024-11-15,3369.81,3391.32,3330.73,3330.73,3330.73,630300,-0.014530273622419987,0.396365843098496,3113.2388,729480.0,0.8640401381806219,-0.04557320396473119,Alcista; Alta volatilidad; Volumen normal
2024-11-18,3344.69,3386.9,3309.01,3323.85,3323.85,744000,-0.002065613243943498,0.3205074819357529,3123.2536,733270.0,1.0146330819479865,-0.04754468059499625,Alcista; Alta volatilidad; Volumen normal
2024-11-19,3324.88,3346.76,3284.13,3346.01,3346.01,625000,0.006666967522601874,0.29047690864748055,3133.3295999999996,735775.0,0.8494444633209881,-0.04119469191379368,Alcista; Baja volatilidad; Volumen normal
2024-11-20,3337.68,3375.25,3333.0,3367.99,3367.99,566200,0.006569018024452866,0.21618897130751072,3144.4688,731565.0,0.7739572013423277,-0.0348962825630343,Alcista; Baja volatilidad; Volumen normal
2024-11-21,3362.94,3378.52,3348.85,3370.4,3370.4,530300,0.0007155603193598203,0.21315991835209547,3155.8172000000004,732090.0,0.7243644907046948,-0.03420569263876986,Alcista; Baja volatilidad; Volumen normal
2024-11-22,3368.04,3372.0,3267.19,3267.19,3267.19,630700,-0.030622478044149082,0.2190836490649503,3165.4754000000003,733840.0,0.8594516515861769,-0.06378070761110329,Alcista; Baja volatilidad; Volumen normal
2024-11-25,3274.88,3285.46,3232.92,3263.76,3263.76,538900,-0.0010498318126584971,0.2106581046330182,3174.9844,727165.0,0.7410972750338644,-0.06476358040787782,Alcista; Baja volatilidad; Volumen normal
2024-11-26,3256.86,3285.33,3252.87,3259.76,3259.76,472200,-0.0012255803122778186,0.19677524295435514,3184.8634,714510.0,0.6608724860393836,-0.06590978775105516,Alcista; Baja volatilidad; Volumen normal
2024-11-27,3250.59,3309.88,3227.35,3309.78,3309.78,511200,0.015344687952487224,0.2013105426560861,3196.3291999999997,706620.0,0.7234440010189352,-0.05157646492462248,Alcista; Baja volatilidad; Volumen normal
2024-11-28,3308.28,3319.26,3290.36,3295.7,3295.7,512000,-0.004254059182181358,0.1989738078901794,3207.3594,692990.0,0.7388274001067836,-0.055611114772606836,Alcista; Baja volatilidad; Volumen normal
2024-11-29,3295.21,3357.5,3293.69,3326.46,3326.46,580200,0.00933337379009025,0.18264004442689324,3219.4528000000005,679395.0,0.8539950985803546,-0.046796780303572996,Alcista; Baja volatilidad; Volumen normal
2024-12-02,3328.48,3369.3,3323.01,3363.98,3363.98,668500,0.011279257829644784,0.18516688124991199,3232.39,679565.0,0.98371752518155,-0.03604535542456952,Alcista; Baja volatilidad; Volumen normal
2024-12-03,3366.28,3386.62,3348.37,3378.81,3378.81,663000,0.004408468540241017,0.18497862547220537,3245.8844,671660.0,0.9871065717773874,-0.031795791699739534,Alcista; Baja volatilidad; Volumen normal
2024-12-04,3376.57,3388.02,3352.94,3364.65,3364.65,621000,-0.004190824580251551,0.18513631259786398,3258.8318,657915.0,0.9438909281594127,-0.03585336569458729,Alcista; Baja volatilidad; Volumen normal
2024-12-05,3353.06,3377.05,3353.06,3368.85,3368.85,543900,0.0012482724800497724,0.18376445431968855,3271.4884,637130.0,0.8536719350838918,-0.03464984798425113,Alcista; Baja volatilidad; Volumen normal
2024-12-06,3370.94,3418.26,3364.21,3404.08,3404.08,698200,0.01045757454324181,0.1852928687972413,3284.8338,623840.0,1.1191972300589894,-0.02455462680921667,Alcista; Baja volatilidad; Volumen normal
2024-12-09,3402.63,3426.65,3385.96,3402.53,3402.53,694900,-0.0004553359498012943,0.18454140818885165,3297.906,617685.0,1.125007082898241,-0.02499878215469781,Alcista; Baja volatilidad; Volumen normal
2024-12-10,3490.29,3494.87,3417.76,3422.66,3422.66,794700,0.005916185896964743,0.18171529274036674,3309.0966,616525.0,1.2889988240541745,-0.019230493700157926,Alcista; Baja volatilidad; Volumen elevado
2024-12-11,3416.09,3437.81,3416.09,3432.49,3432.49,681500,0.0028720352006919025,0.180330804011953,3319.8201999999997,616915.0,1.104690273376397,-0.016413689154299624,Alcista; Baja volatilidad; Volumen normal
2024-12-12,3432.28,3464.12,3425.98,3461.5,3461.5,700100,0.008451590536316278,0.18126246261135967,3329.0312,620340.0,1.128574652609859,-0.008100820397905875,Alcista; Baja volatilidad; Volumen normal
2024-12-13,3442.93,3442.93,3390.75,3391.88,3391.88,777500,-0.02011266791853239,0.19184533375859827,3335.1182,627700.0,1.2386490361637725,-0.028050559205907516,Alcista; Baja volatilidad; Volumen elevado
2024-12-16,3390.08,3401.93,3376.54,3386.33,3386.33,625600,-0.0016362607167706988,0.18943643234576515,3336.1148000000003,621780.0,1.0061436520955964,-0.029640921894566134,Alcista; Baja volatilidad; Volumen normal
2024-12-17,3381.81,3396.21,3357.77,3361.49,3361.49,568900,-0.007335374874864575,0.17845883117147185,3333.5492,618975.0,0.9191001252069955,-0.03675886949569748,Alcista; Baja volatilidad; Volumen normal
2024-12-18,3371.3,3396.46,3371.3,3382.21,3382.21,512500,0.006163933255788345,0.1793849420142827,3336.0162,616290.0,0.8315890246474874,-0.030821515458038767,Alcista; Baja volatilidad; Volumen normal
2024-12-19,3355.9,3377.53,3346.47,3370.03,3370.03,513900,-0.0036011956679212753,0.16230416241780568,3337.3782,615470.0,0.8349716476838839,-0.03431171681801373,Alcista; Baja volatilidad; Volumen normal
2024-12-20,3364.48,3390.62,3362.82,3368.07,3368.07,491000,-0.000581597196464112,0.16177772075203758,3340.3848,608485.0,0.8069221098301519,-0.03487335841617064,Alcista; Baja volatilidad; Volumen normal
2024-12-23,3367.9,3384.99,3348.28,3351.26,3351.26,556700,-0.0049909889046249045,0.16122156151388806,3341.7236000000003,609375.0,0.9135589743589744,-0.039690294775873415,Alcista; Baja volatilidad; Volumen normal
2024-12-24,3353.53,3394.9,3352.95,3393.53,3393.53,472000,0.0126131663911484,0.16128576540472767,3345.5684,609365.0,0.7745768135682226,-0.027577748676846835,Alcista; Baja volatilidad; Volumen normal
2024-12-25,3395.11,3406.21,3374.01,3393.35,3393.35,471300,-5.3042112490575555e-05,0.1605084353040128,3349.3764,607370.0,0.7759685200125129,-0.0276293280072899,Alcista; Baja volatilidad; Volumen normal
2024-12-26,3389.34,3401.09,3380.25,3398.08,3398.08,422200,0.001393902780438161,0.15235665430193218,3353.9503999999997,602880.0,0.7003052016985138,-0.026273937823982685,Alcista; Baja volatilidad; Volumen normal
2024-12-27,3397.29,3418.95,3388.32,3400.14,3400.14,500500,0.0006062246915905511,0.1457934810877991,3356.7219999999998,598895.0,0.8357057581045091,-0.02568364104224637,Alcista; Baja volatilidad; Volumen normal
2024-12-30,3395.4,3412.84,3394.97,3407.33,3407.33,455300,0.002114618809813784,0.14560050619039255,3359.5064,588235.0,0.7740103870051935,-0.023623333342885078,Alcista; Baja volatilidad; Volumen normal
2024-12-31,3406.97,3413.46,3351.76,3351.76,3351.76,502700,-0.016308957453489925,0.15270338330624728,3360.8242000000005,580220.0,0.8663955051532177,-0.03954701885797625,Bajista; Baja volatilidad; Volumen normal
2025-01-02,3347.94,3351.72,3242.09,3262.56,3262.56,561400,-0.02661288397737316,0.1698170867876879,3360.0194,577240.0,0.9725590742152311,-0.0651074426108311,Bajista; Baja volatilidad; Volumen normal
2025-01-03,3267.08,3273.57,3205.78,3211.43,3211.43,517600,-0.01567174243538816,0.17493985527778025,3358.6428,575925.0,0.8987281330034292,-0.07975883797499553,Bajista; Baja volatilidad; Volumen normal
2025-01-06,3209.78,3219.49,3185.46,3206.92,3206.92,431000,-0.0014043588058901824,0.15169797802469984,3356.7871999999998,562565.0,0.7661336912179038,-0.08105118675442792,Bajista; Baja volatilidad; Volumen normal
2025-01-07,3203.31,3230.85,3190.46,3229.64,3229.64,409700,0.0070846793808387876,0.15330077241201673,3354.9359999999997,548305.0,0.747211862011107,-0.07454072904518066,Bajista; Baja volatilidad; Volumen normal
2025-01-08,3218.86,3246.29,3175.73,3230.17,3230.17,472900,0.00016410497764463017,0.15328115660708921,3353.8112000000006,532215.0,0.8885506797065096,-0.0743888565722096,Bajista; Baja volatilidad; Volumen normal
2025-01-09,3220.72,3228.97,3205.91,3211.39,3211.39,382900,-0.005813935489463518,0.1466902166285134,3352.7142,517285.0,0.7402109088800178,-0.07977030004842729,Bajista; Baja volatilidad; Volumen normal
2025-01-10,3211.71,3220.11,3168.52,3168.52,3168.52,403700,-0.013349359623091472,0.15077462361750654,3350.4881999999993,502465.0,0.8034390455056571,-0.09205477724893045,Bajista; Baja volatilidad; Volumen normal
2025-01-13,3148.83,3172.7,3140.98,3160.75,3160.75,372700,-0.002452248999532891,0.14740595254159783,3348.263,482225.0,0.7728757322826482,-0.09428128501305243,Bajista; Baja volatilidad; Volumen normal
2025-01-14,3165.16,3245.22,3159.43,3240.94,3240.94,469200,0.025370560784623963,0.16298840431449754,3346.8776000000003,474405.0,0.9890283618427294,-0.07130269330070461,Bajista; Baja volatilidad; Volumen normal
2025-01-15,3234.72,3245.9,3222.24,3227.12,3227.12,404700,-0.0042641949557844505,0.16233659671048467,3343.6802000000002,466195.0,0.868091678374929,-0.07526283967138238,Bajista; Baja volatilidad; Volumen normal
2025-01-16,3239.03,3265.28,3217.1,3236.03,3236.03,430700,0.002760975730682569,0.1625777312895108,3340.7246,462105.0,0.9320392551476396,-0.07270966281445476,Bajista; Baja volatilidad; Volumen normal
2025-01-17,3226.76,3256.51,3219.77,3241.82,3241.82,383600,0.0017892293952774807,0.1626574349793063,3336.1477999999997,455590.0,0.8419851181983801,-0.07105052768520556,Bajista; Baja volatilidad; Volumen normal
2025-01-20,3256.15,3268.26,3238.12,3244.38,3244.38,403300,0.0007896798711835018,0.1589933770608787,3331.9894,451205.0,0.8938287474651212,-0.07031695498557208,Bajista; Baja volatilidad; Volumen normal
2025-01-21,3256.83,3258.61,3229.07,3242.62,3242.62,384600,-0.0005424765286434763,0.15898835567255465,3327.4404,442600.0,0.868956168097605,-0.07082128621657018,Bajista; Baja volatilidad; Volumen normal
2025-01-22,3235.49,3235.5,3203.38,3213.62,3213.62,364800,-0.008943385287206063,0.15875367856347888,3323.2733999999996,437240.0,0.8343243984996798,-0.07913128945460592,Bajista; Baja volatilidad; Volumen normal
2025-01-23,3237.6,3273.52,3229.57,3230.16,3230.16,458200,0.005146843746304697,0.1595016898364893,3319.091,436585.0,1.049509259365301,-0.07439172209056762,Bajista; Baja volatilidad; Volumen normal
2025-01-24,3222.88,3260.01,3221.71,3252.63,3252.63,398700,0.006956311761646461,0.15870928416259508,3316.5468,435410.0,0.9156886612617993,-0.06795290234026881,Bajista; Baja volatilidad; Volumen normal
2025-01-27,3256.61,3274.39,3250.6,3250.6,3250.6,387500,-0.0006241103353287203,0.14917239810801164,3314.9442,429760.0,0.9016660461653015,-0.06853460256693136,Bajista; Baja volatilidad; Volumen normal
2025-02-05,3270.16,3271.02,3220.28,3229.49,3229.49,406400,-0.006494185688796006,0.14990913301062972,3313.0569999999993,427315.0,0.9510548424464388,-0.07458371182054983,Bajista; Baja volatilidad; Volumen normal
2025-02-06,3226.57,3271.43,3225.85,3270.66,3270.66,460800,0.012748142895627534,0.1543916526930852,3311.55,425220.0,1.0836743332862988,-0.062786372740897,Bajista; Baja volatilidad; Volumen normal
2025-02-07,3269.23,3324.43,3262.51,3303.67,3303.67,600600,0.010092764151578004,0.15635379333980506,3310.2636,427180.0,1.4059646987218504,-0.053327296641325905,Bajista; Baja volatilidad; Volumen elevado
2025-02-10,3308.04,3325.36,3299.24,3322.17,3322.17,546600,0.0055998329130935165,0.15716063045002032,3309.2989999999995,428630.0,1.275225719151716,-0.04802608767913069,Alcista; Baja volatilidad; Volumen elevado
2025-02-11,3323.67,3324.17,3304.44,3318.06,3318.06,511900,-0.0012371431925518594,0.15717763731741613,3310.3163999999997,432675.0,1.183105101981857,-0.049203815724245446,Alcista; Baja volatilidad; Volumen normal
2025-02-12,3312.26,3346.39,3310.39,3346.39,3346.39,513400,0.008538121673508092,0.15866588274192242,3311.969,437860.0,1.1725208970903942,-0.04108580221619193,Alcista; Baja volatilidad; Volumen normal
2025-02-13,3343.24,3359.18,3332.48,3332.48,3332.48,568600,-0.004156718135064907,0.15447026659053248,3313.4234,442645.0,1.2845508251533395,-0.045071738252091105,Alcista; Baja volatilidad; Volumen elevado
2025-02-14,3328.48,3349.08,3322.53,3346.72,3346.72,532300,0.004273093912041448,0.15510100106433786,3314.1621999999998,450115.0,1.182586672294858,-0.04099124011037982,Alcista; Baja volatilidad; Volumen normal
2025-02-17,3355.42,3357.12,3333.2,3355.83,3355.83,589500,0.0027220681742123887,0.155283256979065,3315.3648,459405.0,1.2831815065138603,-0.03838075288629338,Alcista; Baja volatilidad; Volumen elevado
2025-02-18,3348.98,3366.01,3314.3,3324.49,3324.49,562700,-0.009338971282812358,0.157400350881724,3315.3253999999997,468905.0,1.2000298567940202,-0.04736128742008792,Alcista; Baja volatilidad; Volumen elevado
2025-02-19,3320.78,3352.09,3320.58,3351.54,3351.54,502900,0.008136586363622689,0.1592930702794845,3315.0766,470590.0,1.068658492530653,-0.03961006026185107,Alcista; Baja volatilidad; Volumen normal
2025-02-20,3347.59,3355.56,3338.03,3350.78,3350.78,504400,-0.00022676142907429586,0.1520810897590877,3314.5159999999996,475575.0,1.0606108395100668,-0.0398278396570547,Alcista; Baja volatilidad; Volumen normal
2025-02-21,3356.7,3381.06,3339.03,3379.11,3379.11,608200,0.008454747849754307,0.13121764370297395,3314.8052000000002,484450.0,1.255444318299102,-0.03170982614900118,Alcista; Baja volatilidad; Volumen elevado
2025-02-24,3374.08,3384.81,3355.87,3373.03,3373.03,598200,-0.0017992903456827136,0.1215157120882847,3314.8888,495180.0,1.2080455591905974,-0.03345206131063072,Alcista; Baja volatilidad; Volumen elevado
2025-02-25,3345.65,3369.56,3337.84,3346.04,3346.04,527600,-0.00800170766343622,0.12443359661586179,3313.728,501395.0,1.0522641829296264,-0.04118609535871992,Alcista; Baja volatilidad; Volumen normal
2025-02-26,3351.21,3380.21,3351.21,3380.21,3380.21,554000,0.010212071583125093,0.1259854912583362,3313.2816000000003,509865.0,1.0865621291910603,-0.03139461912962744,Alcista; Baja volatilidad; Volumen normal
2025-02-27,3378.45,3388.78,3353.57,3388.06,3388.06,575800,0.0023223409196468925,0.12593440631367245,3312.5896000000002,520415.0,1.1064246803032196,-0.029145187218641927,Alcista; Baja volatilidad; Volumen normal
2025-02-28,3374.66,3383.19,3318.72,3320.9,3320.9,568300,-0.019822553319598812,0.13899038830189406,3310.3578,525920.0,1.0805825981137815,-0.04839000851058949,Alcista; Baja volatilidad; Volumen normal
2025-03-03,3328.4,3349.02,3304.59,3316.93,3316.93,502400,-0.0011954590623024508,0.1322700921127625,3307.4664000000002,531105.0,0.9459523069826117,-0.04952761929869308,Alcista; Baja volatilidad; Volumen normal
2025-03-04,3300.5,3327.82,3297.53,3324.21,3324.21,430000,0.002194800613820602,0.13172964128095002,3306.113,533230.0,0.8064062412092343,-0.047441521934110255,Alcista; Baja volatilidad; Volumen normal
2025-03-05,3324.7,3342.71,3314.15,3341.97,3341.97,461000,0.005342622758489846,0.11175146439978659,3305.2257999999997,535960.0,0.8601388163295768,-0.04235236133040292,Alcista; Baja volatilidad; Volumen normal
2025-03-06,3353.57,3387.05,3348.68,3381.1,3381.1,540000,0.011708662854543972,0.11470358165680386,3305.618,539920.0,1.000148170099274,-0.031139587995770514,Alcista; Baja volatilidad; Volumen normal
2025-03-07,3373.18,3390.94,3363.93,3372.55,3372.55,517700,-0.0025287628286650987,0.11525365148273117,3305.4248,535775.0,0.9662638234333443,-0.03358960619181201,Alcista; Baja volatilidad; Volumen normal
2025-03-10,3373.26,3375.8,3347.19,3366.16,3366.16,450400,-0.0018947087515382988,0.11564053012499712,3305.3474,530965.0,0.8482668349137891,-0.035420672422537915,Alcista; Baja volatilidad; Volumen normal
2025-03-11,3335.44,3379.83,3334.83,3379.83,3379.83,448500,0.004061007201083822,0.1159080998717511,3305.5826,527795.0,0.8497617446167546,-0.03150350882722932,Alcista; Baja volatilidad; Volumen normal
2025-03-12,3385.69,3392.41,3370.22,3371.92,3371.92,502200,-0.0023403543965228035,0.11628510372318165,3305.9957999999997,527235.0,0.952516430054909,-0.03377013384836247,Alcista; Baja volatilidad; Volumen normal
2025-03-13,3371.09,3377.12,3341.12,3358.73,3358.73,519000,-0.003911717952976401,0.11329828254584362,3305.2998,524755.0,0.9890329772941658,-0.03754975256248978,Alcista; Baja volatilidad; Volumen normal
2025-03-14,3361.69,3421.23,3360.61,3419.56,3419.56,582700,0.018111012198062992,0.12276163497422371,3305.8239999999996,527275.0,1.1051159262244559,-0.02011880439112034,Alcista; Baja volatilidad; Volumen normal
2025-03-17,3430.81,3436.35,3422.46,3426.13,3426.13,515700,0.0019212998163506967,0.12183409957698287,3306.385,523585.0,0.9849403630738085,-0.01823615882995151,Alcista; Baja volatilidad; Volumen normal
2025-03-18,3434.56,3437.06,3423.3,3429.76,3429.76,454900,0.0010595044554644328,0.12164511419239407,3306.9774000000007,518195.0,0.8778548615868543,-0.017195975666018038,Alcista; Baja volatilidad; Volumen normal
2025-03-19,3424.17,3439.05,3414.59,3426.43,3426.43,440300,-0.0009709134166823175,0.11939792039497855,3307.3594,515065.0,0.8548435634337413,-0.018150193279213286,Alcista; Baja volatilidad; Volumen normal
2025-03-20,3425.22,3427.04,3404.66,3408.95,3408.95,451600,-0.005101519657486064,0.1166135463237124,3308.5031999999997,512425.0,0.8812997023954725,-0.023159119368898282,Alcista; Baja volatilidad; Volumen normal
2025-03-21,3401.76,3414.71,3355.84,3364.83,3364.83,520900,-0.012942401619266852,0.12074305740623927,3310.5486,508060.0,1.0252726055977641,-0.035801786364144356,Alcista; Baja volatilidad; Volumen normal
2025-03-24,3364.83,3373.69,3340.24,3370.03,3370.03,513300,0.0015453975386572338,0.11986432489523026,3313.7206,503815.0,1.0188263549120213,-0.03431171681801373,Alcista; Baja volatilidad; Volumen normal
2025-03-25,3370.0,3379.99,3361.05,3369.98,3369.98,456400,-1.4836663175143983e-05,0.11976230318089677,3316.9818000000005,500255.0,0.9123347092982579,-0.034326044409803504,Alcista; Baja volatilidad; Volumen normal
2025-03-26,3365.67,3382.34,3365.67,3368.7,3368.7,428500,-0.0003798242126066276,0.11735526283295923,3319.763,493980.0,0.8674440260739301,-0.03469283075962031,Alcista; Baja volatilidad; Volumen normal
2025-03-27,3362.71,3394.03,3351.17,3373.75,3373.75,414800,0.0014990946062278798,0.11665335416520362,3322.6345999999994,485930.0,0.85362089189801,-0.03324574398885886,Alcista; Baja volatilidad; Volumen normal
2025-03-28,3372.04,3375.05,3346.08,3351.31,3351.31,412300,-0.006651352352723294,0.11782221554882927,3325.433,478130.0,0.8623177796833497,-0.039675967184083775,Alcista; Baja volatilidad; Volumen normal
2025-03-31,3343.34,3361.74,3317.74,3335.75,3335.75,472600,-0.004642960513948302,0.11831550084551877,3328.7776,476640.0,0.9915240013427324,-0.04413471374904363,Alcista; Baja volatilidad; Volumen normal
2025-04-01,3340.71,3357.62,3338.78,3348.44,3348.44,422600,0.003804241924604712,0.11556796469875298,3332.5314000000003,476270.0,0.8873118189262393,-0.04049837095281349,Alcista; Baja volatilidad; Volumen normal
2025-04-02,3344.17,3361.13,3343.12,3350.13,3350.13,350100,0.0005047126423050052,0.11314215711609661,3334.7152,470725.0,0.743746348717404,-0.04001409835032105,Alcista; Baja volatilidad; Volumen normal
2025-04-03,3319.61,3358.43,3319.61,3342.01,3342.01,400500,-0.0024237865396268266,0.11336117021811119,3337.013,463750.0,0.8636118598382749,-0.04234089925697102,Alcista; Baja volatilidad; Volumen normal
2025-04-07,3193.1,3217.78,3040.69,3096.58,3096.58,662200,-0.07343784129909858,0.23887686267891833,3334.2239999999997,470975.0,1.406019427782791,-0.11266931631597499,Bajista; Baja volatilidad; Volumen elevado
2025-04-08,3094.26,3145.55,3085.12,3145.55,3145.55,662200,0.015814220850099314,0.24489211906411762,3332.2986000000005,481565.0,1.3750999345882695,-0.09863687291712629,Bajista; Baja volatilidad; Volumen elevado
2025-04-09,3110.01,3186.81,3070.08,3186.81,3186.81,684800,0.01311694298294408,0.2481755333912687,3331.1472000000003,493380.0,1.3879768130041752,-0.08681374417225204,Bajista; Baja volatilidad; Volumen elevado
2025-04-10,3227.84,3239.94,3201.57,3223.64,3223.64,591200,0.01155701155701161,0.24875707285066656,3330.7676,497830.0,1.1875539842918266,-0.07626004005994667,Bajista; Baja volatilidad; Volumen normal
2025-04-11,3219.5,3249.85,3211.35,3238.23,3238.23,475500,0.004525939621049524,0.24912966544993076,3331.2598000000003,495655.0,0.9593366353612897,-0.07207924877570727,Bajista; Baja volatilidad; Volumen normal
2025-04-14,3251.98,3272.72,3244.73,3262.81,3262.81,471400,0.007590566451425529,0.24411690316185305,3331.9128,490090.0,0.9618641474014977,-0.06503580465188251,Bajista; Baja volatilidad; Volumen normal
2025-04-15,3260.69,3268.99,3246.34,3267.66,3267.66,396700,0.0014864487972023888,0.2441713231731103,3332.2134,484140.0,0.8193910852232825,-0.06364602824828001,Bajista; Baja volatilidad; Volumen normal
2025-04-16,3267.67,3276.0,3233.79,3276.0,3276.0,429500,0.002552285121463216,0.24420627516458757,3332.7214000000004,482870.0,0.8894733572182989,-0.061256185937755205,Bajista; Baja volatilidad; Volumen normal
2025-04-17,3261.72,3285.92,3258.15,3280.34,3280.34,382000,0.0013247863247862757,0.24366688150480048,3333.7384,479955.0,0.795907949703618,-0.060012550970407745,Bajista; Baja volatilidad; Volumen normal
2025-04-18,3270.35,3283.09,3262.39,3276.73,3276.73,358800,-0.0011004956803258858,0.24090147906884188,3333.8597999999997,475315.0,0.7548678244953346,-0.061047003097625334,Bajista; Baja volatilidad; Volumen normal
2025-04-21,3273.14,3298.64,3270.01,3291.43,3291.43,379300,0.004486179819515046,0.2413541686043005,3333.615,468235.0,0.8100633229040973,-0.05683469111144865,Bajista; Baja volatilidad; Volumen normal
2025-04-22,3289.17,3311.15,3288.33,3299.76,3299.76,403200,0.0025308148737783753,0.24150379605295497,3333.1668,462730.0,0.87135046355326,-0.05444771431928172,Bajista; Baja volatilidad; Volumen normal
2025-04-23,3308.15,3312.19,3293.06,3296.35,3296.35,411600,-0.0010334084903145246,0.2411100565694711,3332.7326000000003,460490.0,0.8938304849182392,-0.055424856079340494,Bajista; Baja volatilidad; Volumen normal
2025-04-24,3295.15,3313.51,3286.24,3297.29,3297.29,392800,0.00028516389339716675,0.24107655833361227,3331.7506,458705.0,0.8563237810793429,-0.0551554973536938,Bajista; Baja volatilidad; Volumen normal
2025-04-25,3300.39,3305.26,3288.75,3295.06,3295.06,411000,-0.0006763129721680805,0.24087610975803478,3331.0022,458515.0,0.8963719834683708,-0.05579450794751518,Bajista; Baja volatilidad; Volumen normal
2025-04-28,3292.06,3296.93,3279.88,3288.42,3288.42,410700,-0.0020151378123615116,0.2343211277934257,3329.8362000000006,458435.0,0.8958740061295495,-0.05769721213718953,Bajista; Baja volatilidad; Volumen normal
2025-04-29,3281.45,3294.98,3277.63,3286.66,3286.66,389000,-0.000535211438928207,0.2341455286140638,3328.4527999999996,454255.0,0.8563472058645475,-0.05820154336818763,Bajista; Baja volatilidad; Volumen normal
2025-04-30,3284.08,3292.2,3277.55,3279.03,3279.03,435800,-0.0023215057231352754,0.23405766513647808,3327.5436,454915.0,0.9579811613158502,-0.06038793387529831,Bajista; Baja volatilidad; Volumen normal
2025-05-06,3295.25,3316.45,3286.99,3316.11,3316.11,474400,0.011308222248652688,0.23693545621342157,3326.835,461130.0,1.0287771344306378,-0.049762591804044354,Bajista; Baja volatilidad; Volumen normal
2025-05-07,3354.97,3356.69,3324.81,3342.67,3342.67,511200,0.008009384489658045,0.2379974600363491,3326.6728000000003,466665.0,1.0954324836874418,-0.042151775045346805,Alcista; Baja volatilidad; Volumen normal
2025-05-08,3331.21,3359.73,3327.9,3352.0,3352.0,428400,0.002791181899499451,0.23522581291464245,3326.1306000000004,454975.0,0.941590197263586,-0.03947824641738567,Alcista; Baja volatilidad; Volumen normal
2025-05-09,3350.41,3351.22,3335.13,3342.0,3342.0,398900,-0.002983293556085953,0.2353306519134338,3325.51,441810.0,0.9028768022453091,-0.04234376477532903,Alcista; Baja volatilidad; Volumen normal
2025-05-12,3352.97,3372.47,3344.27,3369.25,3369.25,418200,0.008153800119688803,0.2365643889611626,3325.9742000000006,428480.0,0.976008215085885,-0.034535227249933374,Alcista; Baja volatilidad; Volumen normal
2025-05-13,3386.23,3386.23,3370.25,3374.87,3374.87,426200,0.001668027008978168,0.23660239679440442,3325.8674,420230.0,1.0142065059610212,-0.03292480593276923,Alcista; Baja volatilidad; Volumen normal
2025-05-14,3374.24,3417.31,3368.08,3403.95,3403.95,464900,0.008616628196048914,0.23784506844231004,3326.1851999999994,419700.0,1.1076959733142722,-0.024591878547869962,Alcista; Baja volatilidad; Volumen normal
2025-05-15,3398.43,3402.87,3378.02,3380.82,3380.82,424100,-0.006795046930771487,0.23788250223280824,3327.3835999999997,417335.0,1.0162099991613451,-0.03121982250979286,Alcista; Baja volatilidad; Volumen normal
2025-05-16,3374.71,3380.29,3356.66,3367.46,3367.46,395400,-0.003951704024467428,0.23776343301021602,3328.3941999999997,417270.0,0.947587892731325,-0.035048155036005224,Alcista; Baja volatilidad; Volumen normal
2025-05-19,3365.88,3373.6,3356.65,3367.58,3367.58,403100,3.563516715865411e-05,0.2375492550334779,3329.2616000000003,415950.0,0.9691068638057458,-0.03501376881570993,Alcista; Baja volatilidad; Volumen normal
2025-05-20,3371.69,3387.8,3369.96,3380.48,3380.48,405500,0.0038306439639148593,0.2377692967599265,3330.0317999999997,417125.0,0.9721306562780941,-0.03131725013396297,Alcista; Baja volatilidad; Volumen normal
2025-05-21,3380.21,3394.75,3380.21,3387.57,3387.57,412500,0.0020973352896631603,0.23766150021815852,3330.1612,419810.0,0.9825873609490008,-0.02928559761818109,Alcista; Baja volatilidad; Volumen normal
2025-05-22,3381.86,3390.59,3376.23,3380.19,3380.19,394200,-0.0021785527679133443,0.08654552620760458,3330.3140000000003,420555.0,0.937332810215073,-0.03140035016634332,Alcista; Baja volatilidad; Volumen normal
2025-05-23,3376.87,3389.47,3348.37,3348.37,3348.37,400200,-0.00941367201252008,0.0848028557729227,3329.9582,420405.0,0.951939201484283,-0.04051842958131914,Alcista; Baja volatilidad; Volumen normal
2025-05-26,3346.56,3355.96,3342.98,3353.34,3353.34,2149931608,0.0014843043032879422,0.07810685843965864,3329.4284000000002,107896405.4,19.925887243691253,-0.039094266957421214,Alcista; Baja volatilidad; Volumen elevado
2025-05-27,3346.5,3351.57,3332.49,3340.69,3340.69,344100,-0.0018375542302589976,0.07307506796797404,3328.6738,414770.0,0.8296164139161463,-0.042719147680219595,Alcista; Baja volatilidad; Volumen normal
2025-05-28,3341.85,3348.23,3336.73,3339.93,3339.93,341600,-0.00022749791210807668,0.07249129794428415,3328.2978000000003,411300.0,0.8305373206904936,-0.04293692707542335,Alcista; Baja volatilidad; Volumen normal
2025-05-29,3340.4,3368.63,3337.42,3363.45,3363.45,393200,0.007042063755827277,0.0720769345645483,3327.1756,410425.0,0.9580313090089542,-0.036197227897540575,Alcista; Baja volatilidad; Volumen normal
2025-05-30,3358.81,3361.28,3341.65,3347.49,3347.49,3228173432,-0.004745127770592661,0.0739668462151917,3325.6028,161799646.6,19.951671711500513,-0.040770595196818187,Alcista; Baja volatilidad; Volumen elevado
